variable_name,Entity measured/primary association,Measure,Related to process,Related to organism,
(C15+C16+C17)/2C16 n-alkanes ratio,Geological,Ratio,,,
?13C,Carbon,Isotope,"Photosynthesis, Calcification, Respiration",,
?15N,Nutrient,Isotope,Nutrient uptake,,
?18O,Nutrient,Isotope,"Photosynthesis, Respiration",,
?34S,Nutrient,Isotope,Sulfur Cycle,,
?-Hafnium,Trace Element,Isotope,,,
?-Neodymium,Trace Element,Isotope,,,
14E,,,,,
19-Butanoyloxyfucoxanthin,Pigment,Concentration,Photosynthesis,"Phytoplankton, Diatom",
19-Butanoyloxyfucoxanthin flux,Pigment,Flux,Photosynthesis,"Phytoplankton, Diatom",
19-Hexanoyloxyfucoxanthin,Pigment,Concentration,Photosynthesis,"Phytoplankton, Haptophyte",
19-Hexanoyloxyfucoxanthin flux,Pigment,Flux,Photosynthesis,"Phytoplankton, Haptophyte",
21E-trienoate,Lipid,,,,
3-Methylidene-7,,,,,
660 nm,Physical,Optical,,,
abundance,,Count,,,
abundance as single cells,,Count,,,
Acantharians,Taxon,Count,,Microplankton,
Adenosine 5-Triphosphate,Metabolite,Concentration,,,
Adenylates,Metabolite,Cocnentration,,,
aerobic,,,,,
AGE,Numeric,,,,
Age model,Numeric,,,,
Ageprofile Datum Description,Numeric,,,,
air,,,,,
Alanine,Amino acid,Concentration,,,
Aliphatic hydroCarbons,amino acid,Concentration,Pollution,,
Alkalinity,Carbon,Concentration,"Photosynthesis, Respiration, Calcification",,
Alloxanthin,Pigment,Concentration,Photosynthesis,Phytoplankton,
aloricate,,Count,,Ciliates,
alpha-Carotene,Pigment,Concentration,Photosynthesis,Phytoplankton,
alpha-glucosidase activity,Enzyme activity,Activity,"Nutrient uptake, DOC uptake",,
alpha-Hexachlorocyclohexane,Metabolite,Concentration,Pollution,,
ALTITUDE,Physical,Distance,,,
Aluminium,Trace element,Concentration,,,
Aluminium oxide,Trace element,Oxides,,,
Amino acid,Metabolite,Concentration,,,
Ammonia,Nutrient,Concentration,"Nutrient uptake, Growth",,
Ammonium,Nutrient,Concentration,"Nutrient uptake, Growth",,
Ammonium flux,Nutrient,Flux,"Nutrient uptake, Growth",,
Ammonium uptake rate,Nutrient,Rate,"Nutrient uptake, Growth",,
anaerobic,,Oxygen,,,
annual mean,Measure,,,,
apparent oxygen utilization,Oxygen,Utilization,"Respiration, Photosynthesis, Calcification",,
Area,Physical,,,,
Area/locality,Physical,,,,
Arginine,Amino acid,Concentration,,,
Argon,Gas,Concentration ** or pressure?,,,
as Carbon normalized to chlorophyll a,,,,,
Ash,Mass,"Mass, Concentration, Fraction",,,
ash free dry Mass,Mass,Mass,,,
Ash Mass,Mass,Mass,,,
Aspartic acid,Amino acid,Concentration,,,
atmospheric,,,,,
autotrophic,Taxon,,Photosynthesis,,
Bacillaria paradoxa,Taxon,,,"Phytoplankton, Diatom",
Bacteria,Taxon,Concentration,,,
Bacteriastrum delicatulum,Taxon,,,"Phytoplankton, Diatom",
Barium,Trace element,,,,
Barium 2+,Trace element,,,,
Basis of event,,,,,
bathymetric,Physical,,,,
benthic,,,,,
Beryllium-10,Isotope,,,,
beta,,,,,
beta-Alanine,Amino Acid,,,,
BiCarbonate,Carbon,Concentration,"Respiration, Photosynthesis, Calcification",,
BiCarbonate ion,Carbon,Concentration,"Respiration, Photosynthesis, Calcification",,
Binary Object,,,,,
Binary Object (File Size),,,,,
Binary Object (Media Type),,,,,
Biogenic flux,Carbon,Flux,,,
Biogenic silica,Nutrient,Silica,,"Phytoplankton, Diatom",
bioMass,Biomass,Mass,,,
bioMass as Carbon,"Biomass, Carbon",Mass,,,
Bismuth,Metal,,,,
Boron,Metal,,,,
Bottle number,,Numeric,,,
bottom/max,Measure,,,,
Bromide,"Ion, Halogen",Concentration,,,
Bromine,Halogen,Concentration,,,
Burial efficiency,Carbon,Efficiency,,,
Butyrase activity,Enzyme activity,,Enzyme activity,,
Cadmium,Metal,,,,
Caesium-137,Isotope,,Radioactive,,
Calcification rate,Carbon,Rate,Calcification,"Coral, Phytoplankton",
Calcium,Ion,Concentration,Calcification,,
Calcium Carbonate,"Ion, Carbon",Concentration,Shell constituent,,
Calcium Carbonate flux,"Ion, Carbon",Flux,,,
Calcium cation,Ion,Concentration,,,
Calcium oxide,"Ion, Oxide",Concentration,,,
Calcium/Chlorine ratio,Ion,Ratio,,,
Calendar age,,,,,
Campaign of event,,,,,
Carbon,Carbon,,,,
Carbon assimilation (24 hr.),Carbon,Rate,Productivity,,
Carbon dioxide,Carbon,Pressure? Concentration?,,,
Carbon isotope excursion,,,,,
Carbon Mass,Carbon,Mass,,,
Carbon Preference Index,Carbon,Index,,,
Carbon uptake rate,Carbon,Rate,,,
Carbon-14 dioxide,Isotope,Carbon,,,
Carbonyl sulfide dark production,,rate,Production,,
cell biovolume,Measure,,,,
centrales,,,,,
Ceratium lineatum,Taxon,,,Phytoplankton,
Ceratium macroceros,Taxon,,,Phytoplankton,
Ceratium tripos,Taxon,,,Phytoplankton,
Cerium,Metal,,,,
Cerium oxide,Metal,Oxides,,,
Chaetoceros spp. (hyalochaete),Taxon,,,"Phytoplankton, diatom",
Chitobiase activity,Enzyme activity,,Enzyme activity,"zooplankton, Bacteria",
Chloride,Ion,,,,
Chlorine,Halogen,,,,
chlorophyll,Pigment,Concentration,Photosynthesis,Phytoplankton,
Chlorophyll a,Pigment,Concentration,Photosynthesis,Phytoplankton,
Chlorophyll a allomers,Pigment,Concentration,Photosynthesis,Phytoplankton,
Chlorophyll a flux,Pigment,Flux,Photosynthesis,Phytoplankton,
Chlorophyll a plus pheophorbides,Pigment,Concentration,Photosynthesis,Phytoplankton,
Chlorophyll a1,Pigment,Concentration,Photosynthesis,Phytoplankton,
Chlorophyll a2,Pigment,Concentration,Photosynthesis,Phytoplankton,
Chlorophyll b,Pigment,Concentration,Photosynthesis,Phytoplankton,
Chlorophyll b1,Pigment,Concentration,Photosynthesis,Phytoplankton,
Chlorophyll b2,Pigment,Concentration,Photosynthesis,Phytoplankton,
Chlorophyll c,Pigment,Concentration,Photosynthesis,Phytoplankton,
Chlorophyll c1,Pigment,Concentration,Photosynthesis,Phytoplankton,
Chlorophyll c1+c2,Pigment,Concentration,Photosynthesis,Phytoplankton,
Chlorophyll c2,Pigment,Concentration,Photosynthesis,Phytoplankton,
Chlorophyll c3,Pigment,Concentration,Photosynthesis,Phytoplankton,
Chlorophyll c4,Pigment,Concentration,Photosynthesis,Phytoplankton,
Chlorophyll Pigment equivalents,Pigment,Concentration,Photosynthesis,Phytoplankton,
Chlorophyll total,Pigment,Concentration,Photosynthesis,Phytoplankton,
Chlorophyllide a,Pigment,Concentration,"Photosynthesis, Mortality",Phytoplankton,
Chlorophyta,"Plankton, Phytoplankton",Concentration,Photosynthesis,Phytoplankton,
Chloroplastic Pigment equivalents per volume,Measure,,,,
Choanoflagellates,Taxa,Concentration,,Plankton,
Chromium,Metal,,,,
Chronozone,,,,,
Cibicidoides spp.,Taxon,Zooplankton,,,
Cibicidoides wuellerstorfi,Taxon,Zooplankton,,,
Ciliates,Taxon,Zooplankton,,,
Cloud cover,Meteorologic,fraction,,,
Cloud type,Meteorologic,,,,
Cluster E distance,,,,,
Cobalt,Metal,,,,
Cobalt oxide,Metal,Oxides,,,
Cobalt/Manganese ratio,Metal,Ratio,,,
Coccolithophoridae,Taxon,,"Photosynthesis, Calcification, Respiration","Phytoplankton, Coccolithophore",
Color,,Wavelength?,,,
Comment,,,,,
Comment of event,,,,,
composite,,,,,
composite revised,,,,,
composite top,,,,,
Conductivity,Physical,,,,
Copper,Metal,Concentration,,,
Copper(II) oxide,Metal,Concentration,,,
Copper/Manganese ratio,Chemical,Ratio,,,
Copper/Manganese ratio,Chemical,Ratio,,,
cryptophyte,Plankton,Phytoplankton,,,
Current speed,Physical,Velocity,,,
Cyanobacteria,Taxon,,,"Phytoplankton, Cyanobacteria",
daily oxidation rate per unit sediment Mass,Chemical,Rate,,,
Dark community respiration of oxygen,,Rate,Respiration,,
DATE/TIME,Date,Numeric,,,
Date/time end,Date,Numeric,,,
Date/Time of event,Date,Numeric,,,
Date/Time of event 2,Date,Numeric,,,
dated,Date,Numeric,,,
dated material,Date,Numeric,,,
dated standard deviation,,,,,
dated standard error,,,,,
Datum level,Date,,,,
Debris,,,,,
Density,Physical,,,,
Deposit type,,,,,
DEPTH,Physical,Depth,,,
Depth comment,,,,,
Depth of Secchi Disk,Physical,Depth,,,
Depth of the euphotic zone,Physical,Depth,,,
Depth with 1% of photosynthetic active radiation,Physical,Depth,,,
Description,,,,,
Device type,,,,,
Diadinoxanthin,Pigment,,,,
Diatom abundance,Taxon,Count,,"Phytoplankton, Diatom",
Diatoms,Taxon,Count,,"Phytoplankton, Diatom",
Diatoxanthin,Pigment,,,,
Difference,,,,,
Dimethylamine,Organic Compound,,,,
Dimethylsulfoniopropionate,Metabolite,Concentration,Interactions,,
Dinoflagellates,Taxon,,,Phytoplankton,
Dinophysis punctata,Taxon,,,Phytoplankton,
Dissolution of biogenic silica,"Mineral, Silica",Rate,,,
dissolved,,,,,
Distance,Measure,,,,
Divinyl chlorophyll a,Pigment,Concentration,Photosynthesis,"Phytoplankton, Cyanobacteria",
Divinyl chlorophyll b,Pigment,Concentration,Photosynthesis,"Phytoplankton, Cyanobacteria",
dolomite,Mineral,,,,
downward PAR,"Physical, light, radiation",Flux,Photosynthesis,,
dry bulb,,,,,
dry bulk,,,,,
dry Mass,,Mass,,,
Duration,Time,Time,,,
eastbound,Geographical,,,,
Ectoproteolytic activity,Activity,,Enzymatic,,
ejecta,,,,,
Electron transport system activity of oyxgen,Activity,,Electron transport,,
Elevation of event,,,,,
Elpidia sp.,Taxon,,,Elpidiidae,
epimer,Chemical,,,,
error,,,,,
error to older,,,,,
error to younger,,,,,
Esterase activity per sediment volume,Enzymatic activity,,,,
Eukaryotes,Taxon,,,Eukaryote,
Euphausia superba,Taxon,,,"Zooplankton, Crustacea",
Europium,Metal,,,,
eutrophic,"Physical, Chemical",,Nutrient status,,
Event label,,,,,
Export production,Activity,Flux,"Photosynthesis, Aggregation, Sinking",,
Factor,,,,,
Factor 1,,,,,
Factor 2,,,,,
Factor 3,,,,,
Fatty acids,Metabolite,Concentration,,,
Fe2O3,Metal,Concentration,,,
FeO,Metal,Concentration,,,
File content,,,Data Storage,,
File format,,,Data Storage,,
File name,,,Data Storage,,
File size,,,Data Storage,,
File type,,,Data Storage,,
Fish bones,Zoological,,,,
Flagellates,Taxon,,,Flagellate,
Fluorescence,Optical,,,,
Fluoride,Ion,,,,
Flux of total Mass,,Flux,,,
Foraminifera,Taxon,,,Foraminifera,
fractionated,,,,,
free,,,,,
Fucoxanthin,Pigment,,Photosynthesis,Diatom,
Fucoxanthin flux,Pigment,Flux,Photosynthesis,,
Fucoxanthinol,Pigment,,Photosynthesis,,
Gear,,,,,
Germanium/Silica,Chemical,Ratio,,,
Globigerina bulloides,Taxon,,,"Protist, Foraminifera",
Globigerinoides ruber white,Taxon,,,"Protist, Foraminifera",
Globigerinoides sacculifer,Taxon,,,"Protist, Foraminifera",
Globorotalia inflata,Taxon,,,"Protist, Foraminifera",
Glucose consumption rate as Carbon,Activity,Rate,,,
Glutamic acid,Amino Acid,Concentration,,,
Glycine,Amino Acid,Concentration,,,
Gonyaulax polygramma,Taxon,,,"Phytoplankton, Dinoflagellates",
gravel,,,,,
grey,,Color,Color,,
Gross primary production,"Activity, Primary Produciton",Rate,Primary production,Phytoplankton,
Gross primary production of Carbon dioxide,Activity,Rate,Primary production,,
Gross primary production of oxygen,"Activity, Oxygen",Rate,Primary production,,
Height above sea floor/altitude,Physical,Height,,,
"Height above sea level""Tintinnid",Physical,Height,,,
heterotrophic,Taxon,,Respiration,,
Histamine,Metabolite,Concentration,,,
Horizontal datum,Datum,,,,
Humidity,Physical,,,,
Hydrate,Chemical,,,,
HydroCarbons,HydroCarbons,,,,
Hydrogen,"Chemical, Hydrogen",Concentration,,,
Hydrogen index,"Chemical, Hydrogen",Index,,,
Hydrogen sulfide,Chemical,Concentration,,,
Ice content,Physical,,,,
ice/snow,Physical,,,,
Identification,,,,,
Image number/name,,,,,
Incubation depth,Physical,Depth,,,
Incubation duration,Time,Time,,,
Indium,Metal,,,,
Inoceramus spp. ?13C,"Taxon, Isotope",Ratio,,,
inorganic,,,,,
Inorganic matter,,,,,
Iodide,Metal,,,,
Iodine,Metal,,,,
Ionic balance,,,,,
Iridium,Transition metal,,,,
Iron,Micro nutrient,Concentration,,,
Iron flux,Micro nutrient,Flux,,,
Iron oxide,"Oxide, Metal",Concentration,,,
Iron/Manganese ratio,Chemical,Ratio,,,
Irradiance,Optical,Flux,,,
Laboratory code/label,,,,,
Lanthanum,Metal,,,,
larvae,Zoological,Count,,,
LATITUDE,Geographical,,,,
Latitude of event,Geographical,,,,
Latitude of event 2,Geographical,,,,
Lead,Metal,,,,
Lead-210,"Isotope, Metal",,,,
Leucin-aminopeptidase activity,Enzymatic activity,Rate,Enzymatic,,
Leucine incorporation rate,Activity,Rate,,,
Leucine uptake rate,Activity,Rate,,,
Light intensity,Optical,Flux,,,
light saturated,Optical,,,,
Lipids,"Chemical, Lipid",Concentration,,,
Lithium,Metal,,,,
Lithogenic flux,Silica,Flux,,,
Lithogenic silica,Silica,,Geochemistry,,
Lithologic unit/sequence,Geological,,,,
Location,Geographical,,,,
Location of event,Geographical,,,,
Longitude,Geographical,,,,
Longitude of event,Geographical,,,,
Longitude of event 2,Geographical,,,,
Lutein,Pigment,,,,
Macrofauna,Taxon,,,Macrofauna,
Magnesium,Chemical,Concentration,"Nutirent? Cofactor, Salt,�....",,
Magnesium oxide,Oxide,Concentration,,,
Magnetic susceptibility,Physical,,,,
Manganese,Metal,Concentration,,,
Manganese 2+,"Metal, Ion",Concentration,,,
Manganese dioxide,"Metal, Oxide",Concentration,,,
Manganese oxide,"Metal, Oxide",Concentration,,,
Mass density,,Concentration,,,
Material,,,,,
maximal,,,,,
maximum,,,,,
maximum/old,,,,,
maximumimum,,,,,
MCA-Leucine,Amino Acid,,Enzymatic,,
median size,,,,,
Mercury oxide,"Metal, Oxide",,,,
Mesoporos perforatus,Taxon,,,"Phytoplankton, Dinoflagellate",
Methane,"Chemical, Methane",Concentration,,,
Methane oxidation rate,"Chemical, Methane",Rate,,,
Methane saturation,"Chemical, Methane",Saturation,,,
Methanol,Chemical,Concentration,,,
Method comment,,,,,
Method/Device of event,,,,,
Methyl hexatriaconta-14E,Chemical,,,,
Methyl hexatriaconta-7E,Chemical,,,,
Microalgae,Taxon,,,Microalgae,
Microplankton,Taxon,,,Microplankton,
Microzooplankton,Taxon,,,Microzooplankton,
Mineral assemblage,Mineral,,,,
Minerals,Mineral,,,,
minimum,,,,,
minimum/young,,,,,
Mixed layer depth,Physical,Depth,WaterMass mixing,,
Mortality,Activity,Rate,Mortality,,
Nanoeukaryotes,Taxon,,,Nanoeukaryotes,
Nanoflagellates,Taxon,,,Nanoflagellates,
Nanoplankton,Taxon,,,Nanoplankton,
Nanoprotozoa,Taxon,,,Nanoprotozoa,
Navicula spp.,Taxon,,,"Phytoplankton, Diatom",
Neodymium,Metal,,Geochemistry,,
Neogloboquadrina pachyderma,Taxon,,,"Protist, Foraminifera",
Neogloboquadrina pachyderma dextral,Taxon,,,"Protist, Foraminifera",
Neogloboquadrina pachyderma sinistral,Taxon,,,"Protist, Foraminifera",
Neoxanthin,Pigment,,Photoprotection,,
Net community production,Activity,Rate,,,
Net community production of Carbon dioxide,Activity,Carbon dioxide,,,
Net community production of oxygen,"Activity, Oxygen",Rate,,,
Net primary production of Carbon,"Primary production, Carbon",Rate,Primary production,,
Nickel,Transition metal,Concentration,,,
Nickel oxide,"Transition metal, Oxide",Concentration,,,
Nickel/Manganese ratio,Chemical,Ratio,Geochemistry,,
Nitrate,"Nutrient, Nitrogen",Concentration,"Nitrogen cycle, Nutrient uptake",,
Nitrate and Nitrite,"Nutrient, Nitrogen",Concentration,"Nitrogen cycle, Nutrient uptake",,
Nitrate flux,"Nutrient, Nitrogen",Flux,Nitrogen cycle,,
Nitrate uptake rate,"Nutrient, Nitrogen",Rate,Nutrient uptake,,
Nitrite,"Nutrient, Nitrogen",Concentration,"Nitrogen cycle, Nutrient uptake",,
Nitrite uptake rate,"Nutrient, Nitrogen",Rate,Nutrient uptake,,
Nitrogen,"Nutrient, Nitrogen",Concentration,,,
Nitrogen flux,Nitrogen,Flux,Nitrogen cycle,,
Nitrous oxide,"Nitrogen, Oxide",Concentration,Nitrogen cycle,,
Nitzschia delicatissima,Taxon,,,"Phytoplankton, Diatom",
Nitzschia seriata,Taxon,,,"Phytoplankton, Diatom",
n-n dichlorodiphenyldichloroethane,Chemical,,Pollution,,
n-n dichlorodiphenyltrichloroethane,Chemical,,Pollution,,
n-n tetrachlorodiphenylethane,Chemical,,Pollution,,
Nodules,,,,,
Number,Number,,,,
number of days,Time,Time,,,
Number of individuals,Measure,Number,,,
Number of observations,Measure,Number,,,
number of species,Measure,Number,,,
Number of stomachs,Measure,Number,,Zoological,
Nuttallides truempyi,Taxon,,Paleoceanographic ,"Protist, Foraminifera",
Obacteria,Taxon,,,Bacteria,
Offset,,,,,
Oil,Oil,Concentration,,,
Oil products,Oil,Concentration,Pollution,,
Opal,Geological,,,,
Opal flux,Geological,Flux,,,
Ophiocten gracilis,Taxon,,,Echinoderm,
Ophiuroidea,Taxon,,,"Echinoderm, Ophiuroidea",
optical,Optical,,,,
Optical beam attenuation coefficient,Optical,Coefficient,,,
optional,,,,,
Optional event label,,,,,
optional label/labor no,,,,,
ORDINAL NUMBER,,,,,
organic,,,,,
organic matter,Organic Matter,,,,
Oridorsalis spp.,Taxon,,,"Protist, Foraminifera",
oxidation rate,Oxygen,Rate,Redox reaction,,
Oxygen,Oxygen,,,,
Oxygen flux,Oxygen,Flux,,,
Oxygen penetration depth,Oxygen,Depth,,,
Oxygen saturation,Oxygen,Saturation,,,
Particle flux,,Flux,,,
particulate,,,,,
particulate flux,,Flux,,,
particulate flux per day,,Flux,,,
Particulate matter standing crop,,Concentration,,,
particulate/solids,Physical,Concentration,,,
pennales,Taxon,,,"Phytoplankton, Dinoflagellate",
Percentage,,,,,
Peridinin,Pigment,,Photosynthesis,Dinoflagellate,
Persistent Identifier,,,,,
pH,Chemical,pH,,,
Phaeocystis antarctica colonial,Taxon,,,"Phytoplankton, Prymnesiophyte, Phaeocystis",
PhaeoPigments,Pigment,Concentration,,,
Pheophorbide a,Pigment,Concentration,,,
Pheophorbide a flux,Pigment,Flux,,,
Pheophorbide a1,Pigment,Concentration,,,
Pheophorbide a2,Pigment,Concentration,,,
Pheophorbide a3,Pigment,Concentration,,,
Pheophorbide a4,Pigment,Concentration,,,
Pheophorbide like,Pigment,Concentration,,,
Pheophytin,Pigment,Concentration,Photosynthesis (Degradation),,
Pheophytin a,Pigment,Concentration,Photosynthesis,,
Pheophytin a flux,Pigment,Flux,Photosynthesis,,
Pheophytin a1,Pigment,Concentration,Photosynthesis,,
Pheophytin a2,Pigment,Concentration,Photosynthesis,,
Phosphatase activity,Enzymatic activity,Rate,"Enzymatic, Nutrient uptake",,
Phosphate,"Nutrient, Phosphorus",Concentration,"Biogeochemistry, Nutrient uptake",,
Phosphate flux,Phosphorus,Flux,Biogeochemistry,,
Phospholipids,Metabolite,Concentration,,,
Phosphorus,"Nutrient, Phosphorus",,"Phosphorus cycle, Nutrient uptake",,
Phosphorus oxide,"Phosphorus, Oxide",,Phosphorus cycle,,
Phosphorus uptake rate,Nutrient uptake,Rate,Nutrient uptake,,
Photosynthesis rate of Carbon,Enzymatic activity,Rate,Photosynthesis,,
phototrophic,Taxon,,Primary Nutritional Group,,
Phycoerythrin,Pigment,,Photosynthesis,Phytoplankton,
Phytol,"Chemical, Metabolite",,,Phytoplankton,
Phytoplankton,Taxon,,,Phytoplankton,
Phytoplankton Growth rate,Growth,Rate,,Phytoplankton,
Picoeukaryotes,Taxon,,,Picoeukaryotes,
PicoPhytoplankton,Taxon,,,PicoPhytoplankton,
Planulina wuellerstorfi,Taxon,,,"Protist, Foraminifera",
Plutonium-239+240,Isotope,,,,
Plutonium-239+240 activity per Mass,Activity,,,,
Polonium-210,Isotope,,,Plankton,
Porosity,Physical,,,,
Position,,,,,
Potassium,Mineral,,,,
Potassium oxide,"Mineral, Oxide",,,,
potential,,,,,
Prasinoxanthin,Pigment,,,Phytoplankton,
Pressure,Physical,Pressure,,,
Primary production,Primary production,Rate,,Phytoplankton,
Primary production of Carbon,"Primary production, Carbon",Rate,,Phytoplankton,
Primary production of Carbon per hour,"Primary production, Carbon",Rate,,Phytoplankton,
Principle investigator,Name,,,,
Pristane/Phytane ratio,Chemical,Ratio,Redox reaction,,
Prochlorococcus,Taxon,,,"Phytoplankton, Prochlorococcus",
production as Carbon,"Production, Carbon",Rate,,,
Production of biogenic silica,"Production, Silica",Rate,,,
Production rate,Production,Rate,,,
Prokaryotes,Taxon,,,,
Prorocentrum balticum,Taxon,,,"Phytoplankton, Dinoflagellate",
Prorocentrum dentatum,Taxon,,,"Phytoplankton, Dinoflagellate",
Prorocentrum micans,Taxon,,,"Phytoplankton, Dinoflagellate",
Protactinium-231,Isotope,,Geochemistry,,
Protein per sediment volume,Protein,Volume,,,
Pulleniatina obliquiloculata,Taxon,,,Foraminifera,
Pyropheophorbide a,"Chemical, Metabolite",,Photosynthesis (Degradation),,
Pyropheophorbide a flux,Chemical,Flux,,,
Quantity of deposit,,,,,
Quartz,"Mineral, Silica",,,,
Radiolarians,Taxon,,,"Zooplankton, Radiolaria",
Radium-226,Isotope,,Geochemistry,,
Raster cell size,,Size,,,
Rate of glucose accumulation by microorganisms as unit Mass Carbon,Carbon,Mass,Enzymatic,,
Rate of protein hydrolysate accumulation by microorganisms as unit Mass Carbon,Carbon,Mass,Enzymatic,,
Ratio,,Ratio,,,
Reference of data,,,,,
Reference/source,,,,,
relative,,,,,
Respiration rate,,Rate,Respiration,,
Rock type,Geological,,,,
Rubidium,Metal,,Geochemistry,,
Salinity,Chemical,Salinity,,,
Samarium,Metal,,Geochemistry,,
Sample,Descriptive,,,,
Sample code/label,Descriptive,,,,
Sample code/label 2,Descriptive,,,,
Sample comment,Descriptive,,,,
Sample dry Mass,Descriptive,Mass,,,
Sample elevation,Descriptive,Hight,,,
Sample ID,ID,,,,
Sample Mass,Descriptive,Mass,,,
Sample method,Descriptive,,,,
Sample type,Descriptive,,,,
Sample volume,Descriptive,Volume,,,
Sampling date,Descriptive,Date,,,
Sand,Sand,,,,
Sarcodine,Taxon,,,Protozoa,
Scandium,Metal,,Geochemistry,,
Schizochytrium sp.,Taxon,,,"Phytoplankton, Protist",
Sea ice cover duration,Physical,Time,,,
Sea surface temperature,Physical,Temperature,,,
sediment oxygen demand,Oxygen,,,,
Sediment type,Descriptive,,,,
sediment/rock,,,,,
Sedimentation rate,,Rate,,,
Serine,Amino acid,,,,
Seston,Taxon,,,,
sigma,,,,,
sigma-theta (0),Physical,Density,,,
Silica,"Nutrient, Silica",Concentration,"Silica Cycle, Nutrient uptake",,
Silicate,"Nutrient, Silica",Concentration,"Silica Cycle, Nutrient uptake",,
Silicate flux,Silica,Flux,Silica Cycle,,
Silicic acid uptake rate,Activity,Rate,"Silica Cycle, Nutrient uptake",,
Silicoflagellates,"Taxon, Silica",,Silica Cycle,"Phytoplankton, Silicoflagellate",
Silicon,Silica,,Silica Cycle,,
Silicon dioxide,"Silica, Oxide",,Silica Cycle,,
Silt,"Sild, Sediment, Sand",,,,
Silver,Transition metal,,Biogeochemistry,,
Similarity index,Statistical,Index,,,
Site,Descriptive,Geographic,,,
Size,Descriptive,Size,,,
Size fraction,Descriptive,Size,,,
Size fraction < 0.010 mm,Descriptive,Size,,,
Size fraction > 0.100 mm,Descriptive,Size,,,
Size fraction > 2 mm,Descriptive,Size,,,
Size fraction 0.100-0.010 mm,Descriptive,Size,,,
Sodium,"Sodium, Salt",,Biogeochemistry,,
Sodium oxide,"Oxide, Sodium",,Biogeochemistry,,
soluble,Descriptive,,,,
Sound velocity in water,Physical,Velocity,,,
Species,Taxon,,,,
specific,,,,,
Specimen count,Taxon,Count,,,
standard deviation,Statistical,,,,
Station label,,,,,
Strontium,Metal,Concentration,,,
Strontium 2+,"Metal, Ion",Concentration,,,
Strontium oxide,"Metal, Oxide",Concentration,,,
Strontium-87/Strontium-86,Metal,Ratio,,,
Substrate type,,,,,
Sulfate,"Ion, Sulfur",,,,
Sulfate/Chlorine ratio,Chemical,Ratio,Biogeochemistry,,
Sulfide,"Ion, Sulfur",,Sulfur Cycle,,
Sum,Descriptive,,,,
Sum n-alkanes C10-C22,Metabolite,Concentration,,,
Sum n-alkanes C14-C22,Metabolite,Concentration,,,
Sum n-alkanes C23-C35,Metabolite,Concentration,,,
Sum n-alkanes C23-C40,Metabolite,Concentration,,,
Sum(C14-C22)/sum(C23-C35) n-alkanes ratio,Geological,Ratio,Biogeochemistry,,
Suspended matter,Debris,,,,
Swell,Physical,,,,
Synechococcus,Taxon,,,"Phytoplankton, Synechococcus",
synechococcus-type,Taxon,,,"Phytoplankton, Cyanobacteria, Synechococcus",
Taxon/taxa,Taxon,,,,
Temperature,,Temperature,,,
Tephra/volcanic ash,Geochemical,,"Geochemistry, Volcanology",,
Thalassionema nitzschioides,Phytoplankton,,,Diatom,
Thalassiosira spp.,Phytoplankton,,"Primary production, Carbon cycling",Diatom,
Thallium,Metal,,,,
thecate,Taxon,,,Zooplankton,
Thickness,Physical,,,,
Thorium,Radioactive Metal,,Geochemistry,,
Thorium oxide,Oxide,Concentration,Geochemistry,,
Thorium-228/Thorium-230 activity ratio,Isotope,Ratio,Geochemistry,,
Thorium-230,Isotope,Concentration,Geochemistry,,
Thorium-230/Thorium-232 ratio,Isotope,Ratio,Geochemistry,,
Thorium-230/Uranium-234 activity ratio,Isotope,Ratio,Geochemistry,,
Thorium-230/Uranium-234 ratio,Isotope,Ratio,Geochemistry,,
Thorium-232,Isotope,Concentration,Geochemistry,,
Thorium-234,Isotope,Concentration,Geochemistry,,
Thraustochytrium sp.,Taxon,,,Protist,
Threonine,Amino acid,Concentration,,,
Thymidine incorporation rate,Activity,Rate,DNA replication,Bacteria,
Thymidine uptake rate,Activity,Rate,DNA replication,Bacteria,
Time in hours,Descriptive,Time,,,
Time of day,Descriptive,Time,,,
Tintinnid,Taxon,,,"Ciliates, Micro zooplankton",
Titanium,"Transition metal, trace element",,,,
Titanium dioxide,Transition metal,,"Biogeochemistry, Ocean acidification, bioaccumulation",,
top/min,,,,,
total,,,,,
total dissolved,,,,,
total dissolved free,,,,,
Total flux per year,,Flux,,,
total inorganic Carbon,Carbon,,Biogeochemistry,,
Total Mass flux per day,Treatment,,,,
total particulate,,,,,
Total particulate matter,Particulate Matter,,,,
Treatment,"Descriptive, Treatment",,,,
Turborotalita quinqueloba,Taxon,,Biogeochemistry,"Protist, Foraminifera",
Uniform resource locator/link to file,,,,,
Uniform resource locator/link to image,,,,,
Uniform resource locator/link to raw data file,,,,,
Uniform resource locator/link to reference,,,,,
Uniform resource locator/link to thumbnail,,,,,
upward PAR,Light,Flux,,,
Uranium,"Isotope, Metal",,Geochemistry,,
Uranium-234/Uranium-238 activity ratio,"Isotope, Metal",Ratio,Geochemistry,,
Uranium-238,"Isotope, Metal",,Geochemistry,,
Urea,"Nutrient, Nitrogen",Concentration,Nutrient uptake,Plankton,
Urea uptake rate,"Nutrient, Nitrogen",Rate,Nutrient uptake,Plankton,
URI of event,,,,,
Uvigerina peregrina,Taxon,,Biogeochemistry,"Plankton, Protist, Foraminifera",
Uvigerina sp.,Taxon,,Biogeochemistry,"Plankton, Protist, Foraminifera",
Vanadium,Trace metal,,Geochemistry,,
Vertical datum,,,,,
Violaxanthin,Pigment,,"Photosynthesis, Photoprotection",,
Visibility,Physical,,Oceanography,,
Volume,Volume,Volume,,,
water,,,,,
Water content,Physical,,,,
Wave mean direction,Physical,,Oceanography,,
westbound,"Physical, Geographic",Geographic,,,
wet bulb,,,,,
wet Mass,Physical,Mass,,,
Wind direction,Physical,Direction,,,
Wind direction description,Physical,Direction,,,
Wind speed,Physical,Velocity,,,
Zeaxanthin,Pigment,,"Photosynthesis, Photoprotection",,
Zinc,Micro nutrient,,Nutrient uptake,,
Zirconium,Trace metal,,Geochemistry,,
Zooflagellate,Taxon,,,Zooflagellates,
Zooplankton,Taxon,,,Zooplankton,
Height above sea level,Physical,,,,
